DATA;B3;USIMINAS;BB;AMBEV;SABESP;PETROBRÁS;CVC;RUMO;UNIDAS;MAGAZINE LUÍZA;RETORNO B3;RETORNO USIMINAS;RETORNO BB;REOTRNO AMBEV;RETORNO SABESP;RETORNO PETRO;RETORNO CVC;RETORNO RUMO;RETORNO UNIDAS;RETORNO MGLU
14/01/18;23,68;13,94;34,3;21,82;33,9;17,35;50,1;12,71;24,7;78,9;;;;;;;;;;
15/01/18;23,84;14,04;34,6;21,9;34,07;17,65;50,49;12,8;23,9;78,7;0,006734032181344;0,007147993265287;0,008708327891785;0,00365965641753;0,005002217286471;0,017143276986437;0,007754288780005;0,007056085724209;-0,032924784696467;-0,002538072428472
16/01/18;24,04;14,1;35,42;22,03;35,89;18,36;50,8;12,94;23,61;78,78;0,008354267469858;0,004264398786458;0,023422950291009;0,005918523991797;0,052041473486641;0,039438601813039;0,006121057713612;0,010878118147183;-0,012208107840044;0,001016002119402
17/01/18;24,32;14,04;35,18;21,92;35,28;18,22;51;12,89;22,8;77,49;0,011579947430959;-0,004264398786458;-0,006798893045275;-0,005005698734437;-0,017142474020925;-0,007654493360532;0,00392927813989;-0,003871472121658;-0,034909815137026;-0,016510261766901
18/01/18;24,88;13,96;34,95;22;35,41;18,26;51,01;12,9;23;76,75;0,022765210773013;-0,005714301263438;-0,006559270629593;0,003642991278501;0,003678034985222;0,00219298333501;0,000196059210509;0,00077549441653;0,008733679968755;-0,009595509308552
21/01/18;24,75;14;35,07;21,9;35,45;18,47;50,5;12,75;22,2;77;-0,005238778856279;0,002861232281032;0,003427595472267;-0,004555816535861;0,001128986854325;0,011434919044326;-0,010048355653521;-0,011696039763191;-0,035401927050916;0,003252035386377
22/01/18;24,51;13,45;35,2;21,9;35,18;18,29;50,39;12,4;21,29;74,9;-0,009744291474678;-0,04007822356741;0,003700018451965;0;-0,007645513668725;-0,009793331808374;-0,002180593588808;-0,027834798993444;-0,041854809972846;-0,02765153133051
23/01/18;25,87;13,83;37,99;21,89;35,89;19,34;52,36;13,23;23,64;80,99;0,054002798657916;0,027861039628819;0,076276884595483;-0,000456725287683;0,019980965850104;0,055821027622374;0,038350198349193;0,064790505515873;0,10470271363251;0,078171799737724
25/01/18;26,35;13,6;39,17;21,88;36,2;19,93;54,34;13,98;23,3;82,8;0,018384278789434;-0,01677035293466;0,030588180478206;-0,000456933980991;0,00860041367221;0,030050644199555;0,037117662956503;0,0551407586788;-0,014486831966243;0,022102371130315
28/01/18;26,39;13,9;38,95;21,84;36,55;19,85;54;13,7;23,29;84,6;0,001516875527861;0,02181904739464;-0,005632375360983;-0,001829826677076;0,009622067364062;-0,004022127091504;-0,006276557433927;-0,020231903971585;-0,000429276675405;0,021506205220964
29/01/18;26,2;13,71;38,8;21,87;36,89;19,49;53,45;13,6;22,88;84,66;-0,007225739748181;-0,013763346562423;-0,00385852568753;0,001372683811972;0,009259325412797;-0,01830249361373;-0,01023740909322;-0,007326040092073;-0,017760917384652;0,0007089684806
30/01/18;26,08;14,11;39,68;21,95;36,38;19,7;55,13;14,27;23,76;84,56;-0,004590673708599;0,028758272290499;0,022427035787445;0,003651304832504;-0,013921338518608;0,010717122224473;0,030947395130538;0,048089638746739;0,037740327982847;-0,001181893530796
31/01/18;26,27;13,91;39,79;22,23;36,36;20,52;56,43;14,15;24,05;85,86;0,007258866638996;-0,014275759929371;0,002768342022165;0,012675588454925;-0,000549903780698;0,040781384558626;0,023306899379457;-0,008444807399498;0,012131502057326;0,015256721234432
01/02/18;26;14,01;39,25;22,01;35,42;19,97;55,1;13,75;24;83,86;-0,010331065675966;0,007163354413564;-0,01366418021042;-0,009945832437735;-0,026192636954591;-0,027168872874845;-0,02385121582218;-0,028675799976667;-0,002081166203824;-0,023569321053798
04/02/18;24,91;14,03;38,08;21,68;34,45;19,04;54,6;13,51;23,6;80,63;-0,042827208747393;0,001426533765454;-0,030262234305253;-0,015106718966925;-0,02776763489502;-0,047689118064505;-0,00911583340801;-0,017608672140473;-0,016807118316381;-0,039277953045685
05/02/18;24,99;14;39,75;21,62;34,83;19,99;55,65;13,68;23,55;81,64;0,003206415572772;-0,002140564499111;0,042920631177176;-0,002771364360383;0,010970086918242;0,048690119149089;0,019048194970695;0,012504760222297;-0,002120891569138;0,012448549244713
06/02/18;24,67;13,76;39,79;21,62;34,51;19,44;55;13,4;23,3;79;-0,012887814305596;-0,017291497110061;0,001005783338496;0;-0,009229947267998;-0,027899349480016;-0,011748892489083;-0,020680205237539;-0,010672459890772;-0,032871485474622
07/02/18;24,46;13,4;38,54;21,66;33,97;19,05;54,67;13;23,35;76;-0,008548800282239;-0,026511125548332;-0,031918961452617;0,001848429361782;-0,01577135493742;-0,020265697459583;-0,006018072325563;-0,030305349495329;0,002143623543251;-0,038714512180691
08/02/18;23,99;12,95;37,82;21,49;33,34;18,77;53,7;12,86;23,8;73,89;-0,019402053407423;-0,034158918811319;-0,018858599755909;-0,007879530918426;-0,018719904849844;-0,014807250974292;-0,017902111392089;-0,010827638652064;0,019088596562523;-0,028155839485775
13/02/18;24,44;13,25;39,56;22,24;35,4;19,25;55,35;13,18;24,3;74,7;0,018584057451792;0,022901764286685;0,0449804435242;0,034304758727963;0,059953942817081;0,025251210135376;0,030263657639827;0,024578810264888;0,020790769669074;0,010902591338216
14/02/18;25,11;13,64;39,9;22,3;35,38;19,4;55;13,35;24,12;79,21;0,027045038866099;0,029009099983085;0,008557817141306;0,002694209083691;-0,00056513140809;0,007762005335489;-0,006343473922175;0,012815855771897;-0,007434978487518;0,058622461337417
15/02/18;25,54;13,78;40,3;22,43;35,7;19,42;55,24;13,33;24,44;78,61;0,0169796774349;0,010211613170196;0,009975145056819;0,005812670066044;0,009004000053954;0,001030396793897;0,00435414330862;-0,001499250655641;0,01317976244441;-0,007603635670523
18/02/18;25,5;13,75;39,63;22,34;35,76;20,05;55,83;13,35;24,9;82,26;-0,001567398440013;-0,002179441472932;-0,016765061750293;-0,004020554891063;0,00167926151972;0,031925690889399;0,010624030781178;0,001499250655641;0,018646669167267;0,045386044996612
19/02/18;25,85;13,63;40,8;22,71;36,41;20,44;56,1;13,36;24,99;82,99;0,013632148790058;-0,008765578404139;0,029095674207772;0,016426562476413;0,018013511882029;0,019264611582926;0,004824453206382;0,000748783262241;0,003607941376199;0,008835155808079
20/02/18;26,66;13,38;41,12;22,4;36,6;20,25;55,49;13,85;25,2;79,54;0,030853713796125;-0,018512191008359;0,007812539736793;-0,013744397256473;0,005204778219978;-0,009338971782956;-0,010932988190841;0,036020064524848;0,008368249670517;-0,042460078830812
21/02/18;26,31;13,39;42,4;22,42;36,92;20,74;55,7;13,75;27,18;81,42;-0,013215219698362;0,000747105002999;0,030653741091003;0,00089245878302;0,008705169227331;0,023909409248833;0,003777322595428;-0,007246408520767;0,07563741420562;0,023360903295289
22/02/18;27,01;13,28;42,4;21,97;37,57;21,12;56,8;14,26;28,5;86,99;0,026258072752323;-0,008249015654794;0;-0,020275531247495;0,017452449951226;0,01815625603668;0,019556178793867;0,03641959087357;0,047422678551608;0,066172226444617
25/02/18;27,21;13,6;43,02;22,15;37,45;21,52;56,48;14,36;29,92;94,32;0,00737738499063;0,023810648693719;0,014516761601672;0,008159610094626;-0,003199149622649;0,018762276455523;-0,005649732542119;0,006988148633928;0,048623065831672;0,080900086709666
26/02/18;26,5;13,48;42,6;22,22;38,3;21,5;56,15;14,04;29,51;91,5;-0,026439819802978;-0,008862687257845;-0,009810870564259;0,00315528772034;0,022443186223372;-0,000929800159966;-0,005859912000534;-0,022536165022413;-0,013797964151428;-0,03035428394764
27/02/18;25,62;13,09;41,8;22;37,65;21,46;56,14;14,24;29,2;91,05;-0,033771436523588;-0,029358525562353;-0,018957913744615;-0,009950330853168;-0,017116941940698;-0,001862197931064;-0,000178110250716;0,014144507386165;-0,010560479680613;-0,004930166107859
28/02/18;25,59;13;42,1;22,34;38,21;21,03;56,43;13,7;29,21;92,18;-0,001171646296891;-0,006899222460272;0,007151401157625;0,015336340282739;0,014764307212906;-0,020240747487944;0,005152361047313;-0,038659073149751;0,000342407125414;0,012334381118746
01/03/18;25,88;12,51;42,2;22,58;37,71;21,51;55,45;13,8;29,8;92,84;0,011268819461003;-0,038421032982717;0,00237248035363;0,010685765080461;-0,013171950188543;0,022567953565031;-0,017519218184673;0,00727275932908;0,019997277111709;0,007134394113874
04/03/18;26,2;12,4;42,55;22,52;37,92;22,12;54,69;13,6;29,88;90,4;0,012288941134351;-0,008831851867829;0,008259633977417;-0,002660755450026;0,005553366116556;0,027964233374495;-0,013800836437695;-0,014598799421153;0,002680966753258;-0,026633314008105
05/03/18;26,25;12,62;43,49;22,77;37,45;21,9;54,21;13,25;29,9;89,18;0,001906578270582;0,017586384502076;0,021851171590164;0,011040076804159;-0,012471967423593;-0,009995539831679;-0,008815484086434;-0,026072240309775;0,000669120132024;-0,013587468198801
06/03/18;26,15;12,23;43,19;23,07;37,75;21,67;54,4;13,5;29,9;90,03;-0,003816798526701;-0,031390907413986;-0,006922039636937;0,013089192110014;0,007978765731805;-0,010557821274187;0,00349876058965;0,018692133012153;0;0,009486148921055
07/03/18;26,09;12,2;43,42;23,3;37,63;21,7;55,58;13,33;30,5;88,24;-0,002297091362295;-0,00245599795987;0,005311177477536;0,009920288385993;-0,003183871089687;0,001383444998146;0,021459270452461;-0,012672551253767;0,019868203216726;-0,020082573175138
08/03/18;27;12,13;43,71;23,44;38,1;22,39;56,99;13,4;32,07;90,7;0,034284766855692;-0,005754228783252;0,006656744425078;0,005990604137157;0,012412677527309;0,03130217006425;0,025052389532551;0,005237572766248;0,050194330091697;0,027496982175844
11/03/18;26,97;12,34;43,48;23,98;37,87;22,33;57,1;13,56;32,98;92,58;-0,001111728852691;0,017164295521283;-0,005275846622215;0,022776184890556;-0,006055040218952;-0,002683364758597;0,001928302815056;0,011869575555384;0,027980303426389;0,020515778482033
12/03/18;26,91;12,2;42,85;23,96;38,36;22,11;57,2;13,45;32,5;91,55;-0,002227172412824;-0,011410066738031;-0,01459541720922;-0,000834376352119;0,012856008101534;-0,009901070982711;0,001749781723787;-0,008145176464401;-0,014661227795761;-0,011187864482604
13/03/18;26,44;12;42,48;24,27;38,13;22,38;57,02;13,58;32,75;89,7;-0,017619949755329;-0,016529301951211;-0,008672268110105;0,012855246491261;-0,006013876145765;0,012137708014424;-0,003151814901226;0,009619016082702;0,007662872745569;-0,02041450205577
14/03/18;26;11,94;42,39;23,88;37,91;21,31;56,9;13,35;32,78;91;-0,016781476962004;-0,005012541823545;-0,002120891569137;-0,016199731214109;-0,005786444341229;-0,048991256773253;-0,002106742352241;-0,017081737284292;0,000915611234423;0,0143887374521
15/03/18;25,75;12;42,4;23,61;38,37;21,43;58,04;13,42;32,43;92,7;-0,009661910911737;0,005012541823545;0,000235876873366;-0,01137093742698;0,012060974730618;0,00561536337496;0,019837086883702;0,005229746697277;-0,010734652996457;0,018508966054959
18/03/18;25,56;11,8;41,4;23,79;38,42;20,93;56,4;13,07;31,85;90,7;-0,007405997600411;-0,016807118316381;-0,023867481406644;0,007594973217445;0,001302253081549;-0,023608273027577;-0,028663269511974;-0,026426603907405;-0,018046538301054;-0,021811115450718
19/03/18;26,06;12,05;41,56;23,69;38,12;21,16;57,8;13,09;30,81;90;0,019372942187365;0,020965128465045;0,003857285399758;-0,004212306144172;-0,007839078554409;0,01092907053219;0,024519617174319;0,001529052285678;-0,033198069409596;-0,007747686790826
20/03/18;26,22;12,4;42,25;23,89;38,75;22,05;57,96;13,12;31,25;93;0,006120906638854;0,028631812674327;0,016466187572156;0,008406943167024;0,016391677013355;0,041199994902756;0,002764341774149;0,002289203594135;0,014180063573834;0,032789822822991
21/03/18;25,98;12,3;41,49;24,01;38,56;21,72;58,35;13,06;31,48;95,39;-0,0091954670931;-0,008097210232619;-0,018151919458406;0,005010448895444;-0,004915286057011;-0,015079106827121;0,006706241280083;-0,004583659667658;0,007333047366792;0,02537425800386
22/03/18;25,43;12,24;41,2;23,92;38,01;21,75;58,2;13,06;31,49;94,8;-0,021397431808425;-0,004889985294192;-0,007014177989296;-0,003755481150731;-0,014366186741188;0,001380262468958;-0,002574003995172;0;0,000317611563731;-0,00620434189614
26/03/18;25,66;12,34;41,48;24;38,73;22,03;58,76;13,23;31;100;0,009003779753462;0,008136741393062;0,006773127005846;0,003338901265515;0,018765210525503;0,012791403279559;0,009575996568284;0,012932854278579;-0,015682830627787;0,053400776727115
27/03/18;25,59;12,19;40,45;23,84;35,39;21,44;58,6;13,06;30;96,7;-0,002731709015793;-0,012230074984061;-0,025144739856826;-0,006688988150797;-0,090185199169289;-0,027146824611651;-0,002726654722709;-0,012932854278579;-0,032789822822991;-0,033556783528844
28/03/18;26,1;12,07;40,32;23,82;34,11;21,2;59;12,73;30;97;0,01973366415695;-0,00989290838374;-0,003219019741388;-0,000839278269995;-0,036838697926818;-0,011257154524635;0,006802747322753;-0,02559271127897;0;0,003097576044135
29/03/18;26,69;12,31;41,03;24,07;35;21,41;60,65;13,15;30,01;97,91;0,022353649087785;0,019688905086922;0,017455882690982;0,010440687867827;0,025757465058859;0,009856920923625;0,027582191484339;0,032460346054458;0,00033327779012;0,009337710862597
02/04/18;26,49;12,38;40,25;23,85;34,4;20,9;58,99;12,8;28,95;97,92;-0,007521660132455;0,005670327060088;-0,019193502589523;-0,00918203446063;-0,017291497110061;-0,024108943630826;-0,027751697375075;-0,026976587698202;-0,035960455433271;0,000102129398036
03/04/18;26,45;12,46;39,72;24,2;34,72;20,71;57,21;12,83;28,5;97;-0,00151114497967;0,006441246102857;-0,013255164687601;0,014568415828291;0,009259325412797;-0,009132483563272;-0,030639229734546;0,002341007701974;-0,0156661167444;-0,009439840260633
04/04/18;26,17;12,37;40,05;24,19;34,25;20,38;57,35;12,44;29,35;96,5;-0,010642441762254;-0,007249326954911;0,008273834337396;-0,000413308540705;-0,013629325083915;-0,016062647612914;0,002444135294942;-0,030869091316512;0,029388458999501;-0,005167970158443
05/04/18;26,77;12,3;41,22;24,03;34,36;21,15;58;13,09;31,31;98,69;0,022668140990207;-0,005674924026025;0,028794901947945;-0,006636274873558;0,003206532407821;0,037085877697708;0,011270166971039;0,050931492610775;0,064644989064209;0,022440615838976
06/04/18;26,81;12,14;40,68;23,25;34,11;21,28;58,7;13,6;30,86;98,1;0,001493094715606;-0,01309347674702;-0,013187004281954;-0,032997917715012;-0,0073025006855;0,006127758981157;0,011996716287632;0,038221212820198;-0,014476688403299;-0,005996257612598
09/04/18;26,2;11,97;39,2;23,29;33,5;20,53;57,69;13,54;29,7;96,63;-0,023015541480817;-0,014102266061471;-0,037059824383943;0,001718951862884;-0,018045157599534;-0,035880433442601;-0,017355878565253;-0,004421525257877;-0,038313801126361;-0,0150981145601
10/04/18;26,28;12;38,73;23,8;33,36;21,4;58,04;13,75;29,3;94,9;0,003048782849359;0,002503130218118;-0,012062253269756;0,02166149678118;-0,004187861340475;0,041503690996963;0,006048579747189;0,015390556628451;-0,013559529785632;-0,018065546395335
11/04/18;26,55;12,14;39,05;23,85;33,98;21,8;58,24;14,05;29,93;96,87;0,010221554071538;0,011599135843352;0,008228382759034;0,002098636656921;0,01841453875324;0,018519047767238;0,003439975872443;0,021583571667175;0,021273805841586;0,020546167822412
12/04/18;26,89;12,45;38,95;23,29;34,1;21,68;58,68;14,09;30,28;99,51;0,012724722592826;0,025214837279364;-0,002564103968937;-0,023760133438101;0,003525268045685;-0,005519793223598;0,007526549386351;0,002842930130834;0,01162610670464;0,026888268188778
13/04/18;26,42;12,6;37,64;23,26;34,15;21,2;58,3;13,97;30,61;98,25;-0,017633171186594;0,011976191046716;-0,034211457599579;-0,001288936805731;0,001465201727328;-0,022388994893479;-0,006496859918335;-0,008553152641718;0,010839324388073;-0,012742890877701
16/04/18;25,38;12,22;36,3;22,98;33,28;20,62;57,45;13,85;31;96,17;-0,040159836807938;-0,030622860213983;-0,036249573446374;-0,012110874669909;-0,025805970063791;-0,027739703089153;-0,014687089061682;-0,008626940635523;0,012660451527825;-0,02139779202498
17/04/18;25,67;12,3;37,17;23,11;33,65;21,03;58,05;13,94;31,16;97;0,011361532596808;0,006525308634923;0,023684243038356;0,00564115186568;0,011056440137729;0,019688511125795;0,010389703849136;0,00647717269903;0,005148016517401;0,008593519778993
18/04/18;26,25;12,81;38,02;23,35;34;21,8;59;14,15;30,78;95,7;0,022342994154584;0,040626853530271;0,022610352751122;0,010331559828617;0,010347468525425;0,035959980080435;0,016232735761819;0,014952218756869;-0,012270092591815;-0,013492680044474
19/04/18;26,06;13,23;38,04;23,5;34,39;22,2;58,44;14,05;30,1;94,38;-0,007264417340934;0,032260862218221;0,000525900616906;0,006403437035207;0,011405299828014;0,018182319083191;-0,009536857023221;-0,007092228309492;-0,022339956655903;-0,013889112160667
20/04/18;25,7;13,2;37,62;23,43;34,29;22,36;57,77;14,29;30,4;96,91;-0,013910579795525;-0,002270148534539;-0,011102413804306;-0,002983168630409;-0,002912057969346;0,007181359408665;-0,011530977089325;0,016937596162021;0,009917436657346;0,026453526448218
23/04/18;25,74;13;36,94;23,45;34,75;22,48;57,79;14,36;30,39;99,87;0,001555210266806;-0,015267472130788;-0,01824084910179;0,000853242372584;0,013325805535972;0,005352376738592;0,000346140536513;0,004886571678302;-0,000329001483474;0,030086627508585
24/04/18;25,3;12,8;36,58;23,31;34,73;22,4;58,09;14,18;30,5;101,11;-0,017241806434506;-0,015504186535965;-0,009793331808374;-0,005988041844623;-0,000575705254819;-0,003565066164496;0,005177781674755;-0,012614042516097;0,003613076684664;0,012339692848265
25/04/18;25,06;12,85;37,06;23,17;35,15;21,73;57,13;13,76;30,4;101,44;-0,009531446265552;0,003898640415657;0,013036577894494;-0,006024114603381;0,012020751500691;-0,030367164592656;-0,01666415926807;-0,030066688598784;-0,00328407520119;0,003258457585607
26/04/18;25,67;12,94;37,35;23,31;35,58;22,63;57,5;14,12;30,2;104,5;0,024050045415127;0,006979477731526;0,007794690721613;0,006024114603381;0,012159063981015;0,040582665377108;0,006455575066934;0,025826399559898;-0,006600684031352;0,02971958071595
27/04/18;25,83;12,74;37,35;23,18;35,7;22,71;57,71;14,36;30,11;105,3;0,0062136122247;-0,015576638928737;0;-0,00559261513606;0,003367006547904;0,003528896472021;0,00364552091957;0,016854331554982;-0,002984581887181;0,007626347735064
30/04/18;25,3;12,85;36,7;23,33;35,16;22,97;57,99;14,85;30,4;106,71;-0,020732211374275;0,008597161197212;-0,017556156518302;0,006450248121733;-0,015241615968617;0,01138366058354;0,004840113165474;0,033553301628631;0,009585265918533;0,013301455488544
02/05/18;24,61;12,79;36,02;22,67;34,5;22,6;56,52;14,79;30,3;102,5;-0,02765153133051;-0,004680195750478;-0,018702415312715;-0,028697621513901;-0,018949748779662;-0,016239110422767;-0,025676024072022;-0,004048588526;-0,003294895896853;-0,040252076050011
03/05/18;24,16;12,7;35;22,6;34;22,45;53,7;14,71;29,68;97,2;-0,018454491336351;-0,007061622126205;-0,028726278258397;-0,003092558241197;-0,014598799421153;-0,006659292089977;-0,051181556301508;-0,005423742109362;-0,020674294216144;-0,05309208711207
04/05/18;24,04;12,95;34,93;22,5;33,85;22,27;54,65;14,39;28;97,7;-0,004979263399607;0,019493794681001;-0,002002002670673;-0,004434597067866;-0,004421525257877;-0,008050132918987;0,017536213107729;-0,02199401371407;-0,058268908123976;0,005130847582344
07/05/18;23,98;13,04;34,89;22,34;32,43;22,65;53,63;14,62;29;96,85;-0,002498960067639;0,00692576835296;-0,001145803620058;-0,00713651556932;-0,042855079039057;0,016919370659767;-0,018840601627714;0,015856933422356;0,03509131981127;-0,008738169195732
08/05/18;23,89;13,01;35,84;22,44;32,78;22,91;53,5;14,7;28,1;110,99;-0,00376018826165;-0,002303263974093;0,026864332908047;0,004466287013441;0,010734652996457;0,011413644536361;-0,002426959092873;0,005457039463058;-0,031526253646774;0,136276717310883
09/05/18;24,06;13,17;37,35;21,91;32,72;24,78;53,36;14,7;28,41;112,63;0,007090749208815;0,012223223230776;0,041268323472097;-0,023901927047121;-0,001832061581137;0,078463379735592;-0,002620252294593;0;0,010971619526397;0,014668002895717
10/05/18;24,68;13,33;35,98;21,8;30,73;25,75;53,77;14,59;28,7;109,5;0,025442488490654;0,012075618435428;-0,037369683056439;-0,005033183812332;-0,062747135592153;0,038397750908749;0,007654289214218;-0,007511131249996;0,010155926899479;-0,02818356080305
11/05/18;23,6;13,41;35,81;21,85;28,88;25,44;51,84;14,54;27,86;108,65;-0,044746487005623;0,00598356310297;-0,004736044512046;0,002290951746556;-0,062090062117768;-0,012111888637824;-0,036553638777567;-0,003432890429321;-0,029705154413916;-0,007792842554117
14/05/18;23,29;13,4;34,92;21,71;28;26,24;50,65;14,28;25,6;108,15;-0,013222628135315;-0,000745990336721;-0,02516745303894;-0,006427937651399;-0,030944803849422;0,030962225603967;-0,023222821349327;-0,018043515193935;-0,084599616866143;-0,004612554303371
15/05/18;22,8;13,13;33,97;21,46;27,72;26,79;50;14,06;26;106,47;-0,021263547935854;-0,020355018642161;-0,027581948798909;-0,011582246687648;-0,010050335853502;0,020743719480629;-0,012916225266547;-0,015526070528919;0,015504186535965;-0,015655897072553
16/05/18;23,08;13,42;34,47;21,51;27,98;27,39;51,93;14,22;25,5;112,21;0,012205905679504;0,021846443228831;0,014611598356281;0,002327206077086;0,009335794915633;0,022149299718469;0,037873652428082;0,011315537992576;-0,019418085857102;0,05250886035026
17/05/18;22,11;13,49;32,87;21,09;27,6;25,95;49,9;13,97;24,18;109,35;-0,042936446770544;0,005202538676129;-0,047528992852646;-0,019718948788956;-0,013674196514231;-0,054006373663089;-0,039875655098755;-0,017737251106224;-0,053152606977734;-0,025818368553998
18/05/18;22,28;13,49;32,69;20,63;26,37;25,65;49,55;13,66;24;105,09;0,007659420189728;0;-0,005491166940009;-0,022052667407523;-0,045588772357909;-0,011628037995119;-0,007038741981476;-0,022440319126226;-0,007472014838701;-0,039736621245272
21/05/18;22,15;13,45;31,91;20,3;25,83;25,05;50,5;13,92;24,46;109,53;-0,005851918567939;-0,002969564171816;-0,024149780445967;-0,016125441035419;-0,020690393257446;-0,023669744085905;0,018991075505317;0,018854800763629;0,018985299911081;0,04138135845815
22/05/18;23,35;13,39;32,4;20,15;26,26;24,71;53,34;14,9;24,46;114;0,052759487623762;-0,004470946344767;0,015238982508131;-0,00741659765505;0,016510261766901;-0,013665807530355;0,054713182472554;0,06803455804514;0;0,039999964058841
23/05/18;22,1;13,28;31,7;20,05;25,93;23,27;50,99;14,32;24,55;111,88;-0,055019375591199;-0,008249015654794;-0,021841741915049;-0,004975134640114;-0,012646269324077;-0,060043042686318;-0,045056983686804;-0,039704051418914;0,003672723981503;-0,018771580060737
24/05/18;21,6;13,12;30,73;20,33;26,1;20,08;51,77;14,45;25;112,99;-0,022884293833588;-0,012121360532345;-0,031077304740842;0,013868473887677;0,006534714778075;-0,147440682490672;0,015181295846746;0,009037253025941;0,018163970627671;0,009872450887396
25/05/18;21,02;12,85;30,09;20,16;26,2;19,8;51,25;14,22;24,94;112;-0,027218949241314;-0,020793972174714;-0,02104648550044;-0,008397184437087;0,003824096438403;-0,014042357123039;-0,010095212895292;-0,016044990183346;-0,00240288461631;-0,008800447926061
28/05/18;20,53;12,24;27,88;19,76;25,67;16,91;47,5;13,52;23,4;105;-0,023587134417963;-0,048634534257049;-0,076283304749631;-0,020040750883446;-0,020436415884002;-0,157776774790001;-0,075985906977922;-0,050479353760277;-0,063736917888235;-0,064538521137571
29/05/18;20,73;12,22;28,51;19,59;25,9;19,3;49,93;13,74;23,35;104,49;0,009694695416846;-0,001635323340731;0,022345317032257;-0,008640460363273;0,008919973822443;0,132199933000351;0,049892313471923;0,016141216179385;-0,00213903824875;-0,004868977111504
30/05/18;21,77;12,19;30,37;19,69;26,15;18,98;51;13,81;24,28;108,42;0,048950948798768;-0,002458010250269;0,063200376133077;0,005091660694585;0,00960622180544;-0,016719302729058;0,021203608211808;0,005081680626998;0,039055982076391;0,036921200786173
01/06/18;22,25;12,38;30,66;19,94;25,5;16,16;51,29;13,94;24;115,47;0,021809133365793;0,01546632376327;0,009503594386011;0,012616871882658;-0,025170738346552;-0,160846740088832;0,005670168676851;0,009369437911177;-0,011599135843352;0,062998182131572
04/06/18;22,82;12,46;31,1;20,04;25,74;17,53;54,08;14,49;25,7;124,34;0,02529533582168;0,006441246102857;0,014248945741521;0,005002511682972;0,0093677500036;0,081374645840194;0,052968630333532;0,038696351000213;0,068437161553229;0,074008992877427
05/06/18;22,12;12,3;29,12;19,76;24,9;16,59;51,21;13,86;24,5;121,02;-0,031155167779796;-0,012924250980935;-0,065782595856703;-0,014070583896942;-0,033178398697319;-0,05511359473079;-0,05452960626025;-0,044451762570834;-0,047817874350493;-0,027063927647016
06/06/18;21,41;12,2;27,68;19,53;25;16,33;48,6;13,43;24,8;114,33;-0,032624074052543;-0,008163310639161;-0,050715092579017;-0,011707947431134;0,004008021397539;-0,015796197219979;-0,052311294568011;-0,031515983226611;0,012170535620255;-0,056866817640296
07/06/18;20;11,88;26,57;19,08;24,88;15,76;46,84;12,8;23,4;106,4;-0,068125829047601;-0,026579637804712;-0,040927370977747;-0,023311078868447;-0,004811556997222;-0,035528822552641;-0,036885992176932;-0,048045839609575;-0,058107630807281;-0,071883426646335
08/06/18;20,84;11,91;26,95;18,96;24,1;15,25;49;13,64;22,25;105,49;0,041141943331176;0,00252206943271;0,014200537583284;-0,006309169193265;-0,03185242737437;-0,032895581376312;0,04508275938111;0,063561481489745;-0,050394013751407;-0,008589415213827
11/06/18;20,42;11,74;26,06;18,99;23,87;15,41;46;13,32;23,31;106,22;-0,020359404148647;-0,014376568967259;-0,033581725658307;0,001581027997319;-0,009589400145871;0,010437146278604;-0,063178901621531;-0,023739987303073;0,046540444435416;0,006896253300535
12/06/18;21;11,85;26,99;18,88;24;15,46;43,9;13,2;22,65;110;0,028007624986903;0,00932605318119;0,035064855333214;-0,00580936410684;0,005431389997207;0,003239393827251;-0,04672707640797;-0,009049835519918;-0,028722601118623;0,034967950798164
13/06/18;20,67;11,83;26,5;18,71;23,31;15,17;42,75;13,35;23,62;112,41;-0,015839064029746;-0,001689189590845;-0,018321694037737;-0,009045020431356;-0,02917137730028;-0,018936249798835;-0,026545124698357;0,011299555253933;0,041933958840173;0,021672535681289
14/06/18;20,15;11,69;25,3;18,93;23,48;15,1;42,52;13,21;22,6;119,4;-0,025479085300985;-0,011904902506319;-0,046340337258702;0,011689824935233;0,00726654191223;-0,004625049539562;-0,005394641909022;-0,010542266312025;-0,044143904490976;0,060326299484796
15/06/18;19,79;11,2;25;18,72;23,02;14,97;42,15;13,03;22,2;119,82;-0,018027528778217;-0,042819997182928;-0,011928570865274;-0,011155494171785;-0,019785591666159;-0,008646545389342;-0,008739869025883;-0,01371972739748;-0,017857617400007;0,003511415697277
18/06/18;19,21;11,09;24,52;18,54;22,89;14,5;42,98;12,56;22,02;117,78;-0,029745782834009;-0,009869976938773;-0,01938671380019;-0,009661910911737;-0,005663269329261;-0,031899549005008;0,0195002067665;-0,036737230096701;-0,0081411575837;-0,017172139139354
19/06/18;19,93;11,15;26,24;18,8;23,52;15,42;44,41;13,5;22,11;123,66;0,036795157444238;0,005395696543852;0,067795853007878;0,013926309698195;0,027150989065951;0,061516718708655;0,032729778089646;0,072172524404331;0,004078863574821;0,048717386613998
20/06/18;19,78;11,24;27;18,54;24,1;16,21;45,22;13,21;23,2;121,69;-0,007554808030137;0,008039346559417;0,028551901928441;-0,013926309698195;0,024360717466183;0,049962967612402;0,018074797545813;-0,02171556691015;0,048122283802909;-0,016059036781714
21/06/18;19,57;11,06;26,01;18,13;23,09;15,1;43,5;13;22,76;121,61;-0,010673544786581;-0,016143848371356;-0,037355786543769;-0,02236253537095;-0,042812217130206;-0,070933591926706;-0,038778528755186;-0,016024761072697;-0,019147669414134;-0,0006576243558
22/06/18;19,97;10,87;26,1;18,16;22,8;15,11;43,35;13,08;22,52;122,81;0,020233366019739;-0,017328294961071;0,003454234868088;0,001653348406388;-0,012639087406009;0,000662032463769;-0,003454234868087;0,006134988567516;-0,010600805986641;0,009819242629384
25/06/18;20,69;10,8;26,86;18,22;23,21;15,7;44;13,47;22,82;122,75;0,035419344329728;-0,006460567002944;0,028702876766444;0,003298518658665;0,01782268432595;0,038303936069614;0,01488293069171;0,02938064439322;0,01323354116244;-0,000488678947663
26/06/18;20,64;10,86;27,18;18,09;22,81;16,04;45,2;13,73;23,05;123,74;-0,00241955114409;0,005540180375615;0,011843217627906;-0,007160592424608;-0,017384183990049;0,021424890084106;0,026907452919925;0,019118229357607;0,010028425008728;0,008032823428213
27/06/18;20,2;10,94;26,62;17,95;22,52;16,55;43,59;13,16;23,3;121,53;-0,021548336206203;0,007339482488046;-0,020818595756032;-0,007769184472916;-0,012795233024807;0,031300499384704;-0,036269320587885;-0,042401293882708;0,010787591128997;-0,018021444220134
28/06/18;20,52;10,97;28,15;18,01;22,5;16,6;43,64;13,55;23,21;123,55;0,01571741589541;0,002738477293304;0,055884541618734;0,003337044253577;-0,000888494061115;0,003016593539426;0,001146394714569;0,029204621428539;-0,003870140285309;0,01648478655191
29/06/18;20,45;11,23;28,65;17,98;23,29;17,19;45,2;14,1;23,5;127,99;-0,003417137813758;0,023424494463213;0,017606088575049;-0,00166713014439;0,034508774685875;0,03492512403226;0,035122925873316;0,039788250058412;0,012417200863768;0,035306203433081
02/07/18;20,64;11,4;29,39;18,14;23,25;17,47;44,65;13,86;23,5;125,43;0,009248058124551;0,015024586650098;0,025501037270078;0,008859415643516;-0,001718951862884;0,016157304751207;-0,012242779515678;-0,017167803622365;0;-0,020204301831116
03/07/18;20,89;11,35;29,65;18,09;23,33;17,5;44,42;13,69;22,45;124,53;0,012039634955112;-0,004395611473038;0,008807645012908;-0,002760145279787;0,003434953999973;0,001715756783503;-0,005164488856226;-0,0123413544614;-0,04570980696185;-0,007201183303526
04/07/18;21,14;11,66;30,5;18,1;23,69;18,45;44,05;13,7;22,95;124,35;0,011896404873618;0,026946436994935;0,028264558169632;0,000552638864576;0,015312932137356;0,052863489557068;-0,008364466084093;0,000730193533722;0,022027322318291;-0,001446480483644
05/07/18;21,01;11,62;29,79;18,4;23,7;17,86;43,37;13,58;23,35;120;-0,006168465585183;-0,003436429498581;-0,023553916888175;0,01643872634316;0,000422029970391;-0,032500795038183;-0,015557394534914;-0,008797710703529;0,017279047608352;-0,035608427467368
06/07/18;21,96;11,52;29,47;18,02;24,3;17,86;41,49;13,69;23,49;121,65;0,044224101784421;-0,00864309615602;-0,010799969975588;-0,020868412434748;0,025001302205417;0;-0,044315523502498;0,008067517169807;0,005977814555915;0,013656326447486
10/07/18;22,37;11,47;29,21;18,19;23,73;17,75;40,15;13,92;23,8;118,05;0,018498158860708;-0,004349724126466;-0,008861680349954;0,009389740349839;-0,023736279898831;-0,006178059526929;-0,032829993952006;0,016661015605916;0,013110782006608;-0,03003980569801
11/07/18;22,38;11,14;29,79;17,91;23,65;17,41;40,2;14,06;24,6;114,77;0,000446927381741;-0,029192696642142;0,019661650325542;-0,015512776457411;-0,00337695550973;-0,019340762141327;0,001244555232205;0,010007231476246;0,033060862260888;-0,028178137838945
12/07/18;23,06;11,46;30,45;18,29;23,82;17,96;41,44;14,61;26,05;123,37;0,029931811957134;0,028320476787456;0,021913227430715;0,020995246330154;0,007162448989212;0,031102309093956;0,030379602326252;0,038372339380089;0,057271325261059;0,072257844390797
13/07/18;23,82;11,69;31,13;18,44;23,93;18,11;43,25;14,69;25,43;125,64;0,032426049086241;0,019871064197384;0,022085990297611;0,008167755725674;0,004607337993128;0,008317209021269;0,042750635426661;0,005460764423178;-0,024088188765348;0,018232704587073
16/07/18;23,5;11,69;30,79;18,95;24,24;17,88;44,89;15;25,31;127,74;-0,013525142777041;0;-0,010982022517108;0,027281713399988;0,012871259280832;-0,012781502149954;0,037217819415953;0,020883210916424;-0,004730004876996;0,016576273462997
17/07/18;23,94;11,8;31,82;19,17;25,12;18,29;45,3;14,91;25,04;132;0,018550278979714;0,009365755987642;0,032905060973232;0,011542625529118;0,035660180398884;0,022671692657406;0,009091979695147;-0,006018072325563;-0,010725028325135;0,032804974452928
18/07/18;23,22;11,88;31,62;18,76;24,4;18,05;45;14,72;24,83;126,95;-0,030536723860082;0,00675678246288;-0,006305191128315;-0,021619613479475;-0,029081209300842;-0,013208777623884;-0,006644542718669;-0,012825015475917;-0,008421946711823;-0,039008614435683
19/07/18;23,1;11,69;31,34;18,88;24,9;18,4;44,43;15,04;25,29;128,97;-0,005181358741998;-0,016122538450522;-0,008894594853451;0,006376217139276;0,020284671171506;0,01920497983605;-0,012747572822502;0,021506205220963;0,018356461161798;0,015786511025612
20/07/18;23,25;11,87;33;18,79;24,9;19,29;45;15,27;25,59;130,97;0,006472514505618;0,015280433137599;0,051612324538605;-0,00477834729198;0;0,047236162302698;0,012747572822502;0,015176800708848;0,011792589489824;0,015388470165012
23/07/18;22,99;11,87;32,78;18,65;24,82;19,26;44,26;15,13;25,9;129,82;-0,011245793258275;0;-0,006688988150797;-0,007478667335549;-0,003218023694201;-0,001556420547658;-0,016581155147416;-0,009210591430277;0,012041318533795;-0,008819413735989
24/07/18;23,24;12,09;33,04;18,97;25,93;19,66;45,85;15,18;27,2;133,76;0,01081559320862;0,018364456005125;0,007900375337094;0,017012637857098;0,043750819774112;0,020555708349041;0,03529386407957;0,00329924416722;0,04897400459646;0,029898273731069
25/07/18;23,78;12,12;33,57;18,9;26,06;19,96;47,33;15,04;27,66;133;0,022969959278926;0,002478316014467;0,015913862339167;-0,003696861881326;0,005000972146126;0,015144156164297;0,031769145215683;-0,00926545344579;0,016770352934661;-0,005698021114638
26/07/18;23,55;12,12;32,48;19,89;25,93;19,41;45,38;14,58;28,1;131,55;-0,009719070800209;0;-0,033008295698467;0,051055170800284;-0,005000972146126;-0,027941873702399;-0,042072864566461;-0,031062591941181;0,015782250103088;-0,010962120735452
27/07/18;23,65;12,17;32,88;19,81;25,52;19,77;45,43;14,4;28,11;129,8;0,004237294475515;0,004116926358268;0,012240054894502;-0,004030232155421;-0,015938141073984;0,018377240001607;0,001101200419616;-0,012422519998558;0,000355808578741;-0,013392203216312
30/07/18;23,75;12,2;32,89;19,7;25,66;19,89;45,48;14,67;27,7;130;0,004219415542709;0,002462044739775;0,000304090012987;-0,005568224966517;0,005470900710901;0,006051455683355;0,001099989111023;0,018576385572936;-0,014692971725148;0,001539646185592
31/07/18;23,79;12,18;32,5;19,41;25;19,72;44,1;14,85;28,8;132,26;0,001682793834216;-0,00164068945746;-0,011928570865274;-0,014830238563024;-0,02605753431929;-0,008583743691391;-0,030812886429535;0,012195273093818;0,038942973948608;0,017235231790934
01/08/18;23,67;11,86;32,97;19,45;25,17;20,01;44,2;14,8;28,54;134,26;-0,005056900788974;-0,026623868712171;0,014357967747948;0,002058672883537;0,006776984279024;0,014598799421153;0,002265006630852;-0,003372684478639;-0,00906877509321;0,015008536264089
02/08/18;24,1;11,9;33,23;19,29;25,27;20,41;43,83;14,85;27,43;136,85;0,018003416970717;0,003367006547904;0,007855025282863;-0,008260243146818;0,003965112252878;0,019792828226112;-0,008406274652935;0,003372684478639;-0,039669307099179;0,019107216976083
03/08/18;24,95;11,94;34,23;19,3;26,23;21,11;45,41;15,27;28,01;136,96;0,034661981700918;0,003355707846972;0,029649370175591;0,000518268993202;0,03728587247868;0,033721885038476;0,035413830679142;0,027890253981833;0,020924284322505;0,000803476906744
06/08/18;24,72;11,8;34,3;19,3;26,48;21,04;44,72;15,32;27,89;138;-0,009261189608038;-0,011794576492837;0,0020429016298;0;0,009485937190025;-0,00332147399072;-0,015311516263016;0,003269045081904;-0,004293387632619;0,007564772763773
07/08/18;24;11,67;33,57;19,17;26,49;20,71;45,2;15,2;28,07;145,9;-0,029558802241544;-0,011078085173155;-0,02151254317995;-0,006758538853286;0,000377572215171;-0,015808712462016;0,010676257991342;-0,007863736460215;0,006433188734393;0,055667770371535
08/08/18;23,43;11,8;32,63;19,16;26,17;20,14;44;14,55;28,85;140,03;-0,024036577828242;0,011078085173155;-0,028400700386714;-0,000521784514839;-0,012153586741924;-0,027908788117077;-0,026907452919925;-0,043704434234729;0,027408602580318;-0,041064770161055
09/08/18;23,26;11,69;33,6;19,27;26,7;20,34;42,8;14,89;29,3;146,99;-0,007282105429186;-0,009365755987642;0,029293956363929;0,005724709883561;0,020049848864149;0,009881503329998;-0,02765153133051;0,023098853078416;0,015477523068913;0,04850787188621
10/08/18;22,78;11,18;31,75;18,91;25;19,59;43,79;14,23;29,1;139,03;-0,020852189071483;-0,044607307757024;-0,056633341630458;-0,018858599755909;-0,065787740538003;-0,037570158663965;0,022867378225556;-0,045337434594157;-0,006849341845575;-0,055674820072444
13/08/18;22,9;11,36;31,9;19,14;25,59;20,04;44;14,4;28,43;141;0,005253952541158;0,015971945566052;0,004713284452098;0,012089503354442;0,023325825303497;0,022711044260215;0,004784153104954;0,011875794480194;-0,023293248514539;0,014070153196717
14/08/18;23,33;11,42;33;19,41;25,95;19,98;45,4;14,15;29,05;141,84;0,018603175473145;0,005267790934859;0,033901551675681;0,01400801115611;0,0139699594402;-0,002998502996256;0,031322471129041;-0,017513582492708;0,021573557635012;0,005939771387784
15/08/18;23,19;11,35;32,3;19,42;25,94;19,05;45,64;13,92;28,4;138,67;-0,006018934765898;-0,006148460300452;-0,021440331237869;0,00051506568226;-0,0003854307236;-0,047664671647698;0,005272419946572;-0,016387969182973;-0,02262933813076;-0,02260265200018
16/08/18;23,22;11,38;32,4;19,01;25,61;18,95;44,51;13,85;27,87;136,3;0,001292825002305;0,002639684770773;0,003091192569673;-0,021338306362841;-0,012803278676864;-0,005263170044274;-0,025070641966112;-0,005041422272926;-0,018838303673304;-0,017238671063286
17/08/18;22,55;11,24;31,26;19,18;25,14;18,46;44,21;13,58;27,98;133,65;-0,029278910321058;-0,01237858423264;-0,035819097804953;0,008902912954954;-0,018522697049332;-0,026197702453729;-0,006762875189611;-0,019687110502798;0,003939127743478;-0,01963389611756
20/08/18;22,59;11,48;30,43;19,15;25,17;18,36;44,17;13,79;27,52;138,37;0,001772264531224;0,021127546425876;-0,026910361084451;-0,001565353828637;0,001192605985123;-0,005431843882362;-0,000905182229717;0,015345569674661;-0,016576956172192;0,034706814096365
21/08/18;22,2;11,29;29,22;18,98;24,84;17,72;41,79;13,6;25,35;132,44;-0,017415041601678;-0,01668901272985;-0,040575557586327;-0,008916922444873;-0,013197552081947;-0,03548044001541;-0,055388749148611;-0,013873899063204;-0,082134283027951;-0,043801544002247
22/08/18;22,43;11,4;30;18,9;25,63;18,35;42,29;13,84;25,29;134,24;0,010307059653883;0,009695977238879;0,026343975339602;-0,004223871116185;0,031308283310702;0,034935629323645;0,011893575024574;0,017493157447517;-0,002369669355319;0,013499530039851
23/08/18;21,13;11,35;29,24;18,94;24,4;17,95;40,42;13,65;26;132,77;-0,059705516904152;-0,004395611473038;-0,025659746780578;0,002114165692336;-0,049180408076824;-0,022039459566292;-0,045225939508923;-0,013823428558555;0,027687477339609;-0,011010934811086
24/08/18;21,12;11,34;29,64;19,07;24,79;18,3;42,18;13,35;26,22;132;-0,000473372789905;-0,000881445627805;0,013587165546309;0,006840331854395;0,015857213747943;0,019310944913088;0,042621463075154;-0,022223136784711;0,008425940314071;-0,00581638532144
27/08/18;21,75;11,42;30,55;19,13;25,1;18,71;43,55;13,77;27,23;131,42;0,029393298696632;0,007029905928258;0,030239885189718;0,003141363839834;0,012427500090639;0,022157080438623;0,031963528247883;0,030975927894305;0,037796828350115;-0,004403621116649
28/08/18;21,7;11,33;30,4;19,1;25;18,35;42,22;13,52;28,3;129,34;-0,002301496988279;-0,007912129187949;-0,004922077205428;-0,001569448399577;-0,003992021269538;-0,019428565785419;-0,031015660878337;-0,018322242125746;0,038542497963523;-0,015953705451275
29/08/18;22,25;11,44;31,09;19,25;25,1;19,3;43,45;13,73;28;132,11;0,025029748065836;0,009661910911737;0,022443615658486;0,007822725681209;0,003992021269538;0,05047552141026;0,028716809291227;0,015413149165062;-0,010657294473988;0,021190312871815
30/08/18;21,67;11,35;29,93;19;24,31;18,8;41,58;13,36;28,32;127,6;-0,026413193063982;-0,00789824202424;-0,038024902206055;-0,013072081567353;-0,031980057809707;-0,026248226074936;-0,043991569281535;-0,02731805167138;0,011363758650315;-0,034734537979573
31/08/18;21,76;11,39;30,1;18,85;24,4;19,26;42,55;14,23;27,84;130,25;0,004144606439474;0,003518033531679;0,005663849890222;-0,00792606527242;0,003695343971124;0,024173536534076;0,023060572589516;0,063087243993261;-0,0170944333593;0,020555309722787
03/09/18;21,32;11,35;29,39;18,63;23,9;19;41,3;13,86;27,75;126,46;-0,020427822690099;-0,003518033531679;-0,023870691324004;-0,011739729280523;-0,020704673361691;-0,013591427203539;-0,029817355052396;-0,026345418340004;-0,003237995273775;-0,029529628003009
04/09/18;20,91;11,28;28,64;18,01;24,1;18,65;39,31;13,58;27,4;118;-0,019418085857101;-0,006186497857499;-0,025850138338381;-0,033846025425632;0,008333381559144;-0,018592833076616;-0,049383560533218;-0,020408871631208;-0,012692826798419;-0,069241428164802
05/09/18;21,82;11,34;28,69;18,14;23,95;18,65;40;13,7;27,82;121,83;0,042599466964382;0,005305052229693;0,001744287900829;0,007192285499126;-0,006243516639685;0;0,017400514680167;0,008797710703529;0,015212173101273;0,031942005900652
06/09/18;21,84;11,3;29,33;18,32;24,5;18,99;41,06;13,99;27,85;125,2;0,000916170471779;-0,003533572581311;0,022062252996086;0,009873914558994;0,022704793693758;0,01806637873437;0,026154957476851;0,020946955843311;0,001077779877996;0,027285828299681
10/09/18;21,88;11,29;28,93;18,29;24,25;19,26;40,14;13,89;27,97;121,86;0,001829826677076;-0,000885347556725;-0,013731764001316;-0,00163889684321;-0,01025650016719;0,014117881545785;-0,022661068222595;-0,007173631911138;0,004299540840575;-0,027039613845649
11/09/18;21,06;11,03;27,62;18,19;23,94;18,5;38,66;13,65;27,76;119,1;-0,038197470847951;-0,023298544896159;-0,046338971006898;-0,005482469872743;-0,012865917253665;-0,040259674285701;-0,037567869588007;-0,017429635135283;-0,007536371575265;-0,022909368459095
12/09/18;21,2;11,07;27,66;18,45;24,44;18,95;39,81;13,61;27,2;119,4;0,006625674972137;0,003619913455135;0,001447178255466;0,014192377956505;0,020670434173567;0,024033199444157;0,029312663232041;-0,002934704967594;-0,020379162336652;0,002515724597248
13/09/18;21,2;11,01;27,29;18,33;23,9;18,71;39,8;13,84;25,51;115,43;0;-0,005434795985957;-0,013466991516365;-0,006525308634923;-0,02234267536593;-0,012745791242437;-0,000251224721834;0,016758133526149;-0,064146441148231;-0,033814915331681
14/09/18;21,63;10,97;27,51;18,23;23,6;18,79;39,79;13,85;26,15;116;0,020080058287001;-0,003639676447449;0,008029240216236;-0,005470473161042;-0,012631746905901;0,004266673139376;-0,000251287851555;0,000722282443824;0,024778658357212;0,004925905479544
17/09/18;22,12;11,13;28,45;18,36;24,16;19,4;41,89;14,2;27;118,89;0,022400936689167;0,014479891000315;0,033598585635857;0,007105796501773;0,02345166103505;0,031948252643908;0,051431510520106;0,024956731973867;0,031987675493397;0,024608504764089
18/09/18;22,2;11,2;29,72;18,79;24,56;20,25;42,4;14,55;27,17;124,43;0,0036101122241;0,006269613013595;0,043672059277218;0,02315042823303;0,016420730212328;0,042881727483266;0,012101227278969;0,024349029010287;0,006276557433927;0,045544612917087
19/09/18;22,34;11,37;29,42;18,79;23,91;19,98;41,41;14,45;27,79;119,01;0,006286504762821;0,015064529461396;-0,010145504676267;0;-0,026822321808708;-0,013423020332141;-0,023625964680437;-0,006896579059061;0,022562820316156;-0,044535785593191
20/09/18;22,67;11,35;29,5;18,75;23,78;19,87;41,2;14,6;27,7;118,49;0,014663670878383;-0,001760563835033;0,002715548172483;-0,002131061008954;-0,005451890207598;-0,005520716656682;-0,005084141201995;0,01032711415585;-0,00324383056112;-0,0043789543657
21/09/18;23,1;11,55;30,58;18,85;24,59;20,14;43,13;14,92;27,4;124;0,01879015300831;0,017467693040391;0,035955937155142;0,0053191614776;0,033494964965466;0,013496830726691;0,045780554304271;0,021681066061324;-0,010889399799268;0,045452996776389
24/09/18;22,78;11,33;29,73;18,39;24;20;42,28;14,6;27,4;121,39;-0,013949659508712;-0,019231361927888;-0,02818956349091;-0,02470587527779;-0,024286025880155;-0,006975613736425;-0,019904649657715;-0,021681066061324;0;-0,021273062695324
25/09/18;22,48;11,32;29,55;18,4;24,21;20,08;41,18;14,93;26,84;123,14;-0,013256932993546;-0,000883002264878;-0,006072893157899;0,00054362599871;0,008711940602022;0,003992021269537;-0,026361459402394;0,022351082836808;-0,020649701290544;0,014313416573351
26/09/18;22,6;11,45;29,45;18,7;23,82;20,19;40,96;14,74;25,8;122,15;0,00532388125275;0,011418657225212;-0,003389833754512;0,016172859245601;-0,016240207022813;0,005463137501218;-0,005356720868391;-0,012807724789909;-0,039518820175909;-0,008072121779315
27/09/18;23,37;11,4;30,29;18,48;24,3;21,46;43,13;14,97;26,67;124,17;0,033503242272526;-0,004376374599799;0,02812371494155;-0,011834457647003;0,019950786419349;0,061003304877807;0,051622829928499;0,015483311670347;0,033164846266351;0,016401796725002
28/09/18;23,4;11,37;29,45;18,34;23,59;21,09;43,31;14,98;26,9;122,49;0,001282873812889;-0,002635047638005;-0,02812371494155;-0,007604599385219;-0,029653456926919;-0,017391742711869;0,004164744566784;0,000667779657536;0,00858694841387;-0,013622200429157
01/10/18;22,95;11,13;28,21;18,43;23,33;21;42,84;14,85;26,51;122,63;-0,019418085857102;-0,021334142474991;-0,043017385083691;0,004895304853413;-0,011082807386245;-0,00427655676726;-0,010911309646987;-0,008716112840365;-0,014604266306859;0,00114229777434
02/10/18;23,9;11,37;31,43;18,25;25,14;22,82;45,9;14,85;27,18;130,4;0,040560522430911;0,021334142474991;0,108086325795571;-0,009814691653231;0,074720117128763;0,083114906710506;0,068992871486951;0;0,024959388422063;0,061434957718618
03/10/18;24,27;11,64;34,28;18,13;25,61;23,79;47;15,2;26,91;139,34;0,015362560801045;0,023469134540847;0,086799242920103;-0,006597055261741;0,018522697049332;0,041627979880937;0,023682484643559;0,023295562603522;-0,009983443984183;0,06631034010942
04/10/18;24,47;11,76;35,12;17,87;25,9;24,02;45,8;14,97;26,87;139,5;0,00820685771607;0,010256500167189;0,024208675037337;-0,014444695595423;0,011260068494058;0,009621492336971;-0,02586351058992;-0,015247229420694;-0,001487542111415;0,001147611659447
05/10/18;24,25;11,65;35,74;17,65;26,34;23,96;48;14,9;26,85;142;-0,009031260071088;-0,009397762458771;0,017499740964366;-0,012387545792031;0,016845727609643;-0,002501043404589;0,046916919787752;-0,004686985480124;-0,000744601672526;0,017762456339841
08/10/18;24,7;12,2;39,2;18;28,12;26,6;51,02;15,07;28,2;148,54;0,01838662625044;0,046129771727501;0,092406237065135;0,019635974516859;0,065392370627329;0,104525442540405;0,061016701805774;0,011344799686991;0,049056156989194;0,045027224639889
09/10/18;25,1;12,28;39;17,48;28,5;26,82;52,35;15,61;28,84;150,2;0,016064602503807;0,006535970979785;-0,00511510066677;-0,029314387668775;0,013423020332141;0,008236662065879;0,02573422460288;0,035205721888937;0,02244133447268;0,011113457088884
10/10/18;24,8;12,12;37,35;17,2;27,35;26,05;50,84;15,3;28;143,65;-0,012024192966802;-0,013114942077828;-0,04322873455082;-0,016147986407982;-0,041187558406615;-0,029130109654156;-0,029268490995293;-0,020058906128951;-0,029558802241545;-0,044587953904736
11/10/18;23,82;11,95;37,2;16,99;27,18;25,29;50;15,36;27,88;150,7;-0,040318089243783;-0,014125702263649;-0,004024150299725;-0,012284448135567;-0,006235120144993;-0,029608707517503;-0,016660440893107;0,003913899321136;-0,004294924282881;0,047911320207152
15/10/18;24,11;12,2;37,72;16,93;27,46;25,77;49,77;15,2;28,24;150;0,012101128265926;0,020704673361691;0,013881696486156;-0,003537739538797;0,010248991616828;0,0188019639824;-0,004610612557683;-0,010471299867295;0,012829826732718;-0,004655811536194
16/10/18;25;12,6;39,37;17,41;27,58;26,73;53,31;15,7;28,1;159,2;0,036249132675121;0,032260862218221;0,04281364719039;0,027957557635054;0,004360472025331;0,036575505486554;0,068711537964207;0,032365284502032;-0,004969836285341;0,059525979314027
17/10/18;25,3;12,69;39,71;17,05;28,08;26,45;53,6;15,65;28;161,75;0,011928570865274;0,007117467768864;0,008598940187514;-0,020894550050572;0,017966706792455;-0,010530371846519;0,005425137242087;-0,0031897953681;-0,003565066164496;0,015890659970728
18/10/18;24,27;12,57;39,25;16,65;27,24;25,7;52,55;15,62;28,2;160,88;-0,041563375994965;-0,00950125912414;-0,011651600914743;-0,023739987303073;-0,030371097876299;-0,028765166403134;-0,019783970753796;-0,001918772574622;0,007117467768864;-0,005393187916614
19/10/18;24,05;12,59;39,58;16,86;27,91;25,92;53,25;15,55;28,2;169;-0,00910602318674;0,0015898254541;0,008372495946002;0,012533736147257;0,02429856626692;0,0085238795829;0,013232707266575;-0,004491505786297;0;0,049239969458677
22/10/18;24,6;12,85;39,85;16,82;28,3;26,53;55;15,89;28,5;167,1;0,022611446386547;0,020440963284973;0,006798465061804;-0,002375298028908;0,013876757100961;0,023261296665575;0,032335380642937;0,021629341923382;0,010582109330537;-0,011306279321725
23/10/18;25;12,77;39,99;16,63;28,2;26,2;54;15,85;29,8;169,06;0,016129381929884;-0,006245141296781;0,003507017622503;-0,011360361339966;-0,003539826705124;-0,012516757382597;-0,018349138668197;-0,002520480225335;0,044604306236754;0,011661245899433
24/10/18;24,57;12,17;39,1;15,89;27,73;25,68;52,81;14,99;29,48;168;-0,017349638335113;-0,048124763045012;-0,022506955867407;-0,045518312656212;-0,016807118316381;-0,020046931945291;-0,022283479845433;-0,055786188208783;-0,010796326190223;-0,006289702097523
25/10/18;24,5;12,5;40,1;15;27,69;26,32;55,74;15,26;28,78;168,22;-0,002853068982406;0,02675473730882;0,025253867321204;-0,057639779446415;-0,001443522444816;0,024616627635356;0,05399745533496;0,017851713741805;-0,024031365861914;0,001308667131032
26/10/18;25,38;12,65;42,42;15,19;27,8;27,6;57,5;15,74;29;166,8;0,03528834473556;0,011928570865274;0,056243614824013;0,012587115505471;0,003964683513721;0,047486666265988;0,031086925749503;0,030970217132946;0,007615128527252;-0,008477156609644
29/10/18;25,1;12,59;41,87;15,43;28,3;26,42;55,89;15,63;30,8;166,45;-0,011093616148503;-0,004754367117274;-0,013050369105484;0,015676349767388;0,0178257839526;-0,043694473628925;-0,028399474521698;-0,007013098555872;0,060218859993055;-0,002100525903613
30/10/18;26,4;12,8;43,1;16,05;27,71;28;57,75;16,15;30,91;169,27;0,050496164014532;0,016542322869316;0,02895341707865;0,039395183200956;-0,021068445774305;0,058083211081025;0,032737876120296;0,032727905235281;0,003565066164496;0,016800109179973
31/10/18;26,54;12,8;42,75;16,34;27,95;27,62;56,6;16,65;30,71;168,8;0,005289018751791;0;-0,008153801726933;0,017907239855832;0,008623840726221;-0,013664362194058;-0,020114364192766;0,030490166757787;-0,006491421691294;-0,002780491039149
01/11/18;27,44;12,67;43,38;16,37;28,02;27,32;56,91;16,69;32,19;169,93;0,033348773953623;-0,010208176592524;0,014629310015959;0,001834301951187;0,002501341307753;-0,010921113278557;0,005462087405895;0,002399521247291;0,047067510857986;0,006672005384157
05/11/18;27,25;12,62;43,41;16,46;28,6;28,16;57,8;16,8;32,99;172,96;-0,006948281748431;-0,003954137219981;0,000691323912774;0,00548280386588;0,020488176916946;0,030283496587253;0,015517703063299;0,00656914873547;0,024548639929773;0,017673766344884
06/11/18;26,86;12,51;42,47;16,64;28,62;27,19;56,85;16,44;31;158,5;-0,014415330014161;-0,008754532634248;-0,021891884986322;0,010876240144139;0,000699056302498;-0,035053272645462;-0,016572555481787;-0,021661496781179;-0,062217280755344;-0,087305760573563
07/11/18;25,95;12,4;41,45;16,35;28,15;26,3;56,5;16,67;31,41;150,9;-0,034466581483194;-0,008831851867829;-0,024310062743876;-0,0175815380498;-0,016558419542605;-0,033280319460661;-0,00617558204415;0,013893307134669;0,013139109065409;-0,049137227543532
08/11/18;25,55;12,3;40,6;15,71;27,2;25,35;56,8;16,28;29,91;147,57;-0,015534292962184;-0,008097210232619;-0,020719814973617;-0,039930445075733;-0,034330381283748;-0,036790209146527;0,00529568757471;-0,023673336188308;-0,048933440908698;-0,022314726298445
09/11/18;25,69;12,4;41,5;16,08;27,06;25,46;55,46;16,48;29,55;146,4;0,005464494472079;0,008097210232619;0,021925360628965;0,02327881148329;-0,00516035055931;0,004329863092068;-0,023874285539474;0,012210163906931;-0,01210912878975;-0,007960037948147
12/11/18;25,89;12,34;42,18;15,95;27,69;25,33;56,2;16,35;30,3;153,54;0,007754982641654;-0,00485045413375;0,016252747813976;-0,008117434519967;0,023014714440229;-0,005119129115676;0,013254716712014;-0,007919627138063;0,025063968663216;0,04761851787254
13/11/18;25,75;11,98;41,7;15,76;27,48;24,24;56,4;16,51;30,37;153,41;-0,005422166653701;-0,029607425789938;-0,011445046245873;-0,011983744801121;-0,007612869828722;-0,04398530281247;0,003552401604368;0,009738360588774;0,002307566542334;-0,00084704354307
14/11/18;26;11,65;41,77;16,03;27,64;25,1;56,05;16,9;29,67;155,5;0,009661910911737;-0,027932412675594;0,001677249704328;0,016986882191729;0,005805531545321;0,034863684936625;-0,006225008985845;0,023347363996991;-0,023318844754927;0,013531655762606
16/11/18;27,29;12;43,09;16,5;27,96;25,8;58,01;17,56;30,2;156,5;0,048423796698765;0,029600469776291;0,031112573118663;0,028898414285073;0,01151091846614;0,027506645789834;0,034371259959804;0,038309966277943;0,017705490078093;0,006410278360919
19/11/18;26,26;11,93;44,1;16,46;27,75;26;57,23;17,39;30,14;156,15;-0,038473465845597;-0,005850413678176;0,023168830825053;-0,002427185657611;-0,007539077173166;0,00772204609391;-0,013537173056962;-0,009728259840779;-0,001988731182474;-0,00223892625112
21/11/18;26,65;11,75;44;16,38;27,65;25,17;56,91;17,77;29,25;155,24;0,014742281737203;-0,015202995519657;-0,002270148534539;-0,004872116824;-0,0036101122241;-0,032443728874258;-0,005607163805978;0,021616313800368;-0,029973619520484;-0,005844777228383
22/11/18;26,59;11,64;44,45;16,5;27,52;25,15;57,76;17,74;29,25;160;-0,002253945356925;-0,009405798286876;0,010175328041653;0,007299302481611;-0,004712714903201;-0,000794912601477;0,014825421969538;-0,001689665285127;0;0,030201508733121
23/11/18;26,4;11,31;44,8;16,2;27,67;24,37;58,15;17,3;28,88;162,35;-0,007171195102658;-0,028760152175263;0,007843177461026;-0,018349138668197;0,005435780733692;-0,031505028908633;0,006729384380103;-0,0251154753777;-0,01273025965324;0,014580683315028
26/11/18;26,39;11,35;44,01;16,15;27,65;24,25;57,24;16,94;28,99;158,17;-0,000378859637038;0,003530453799383;-0,017791258597939;-0,003091192569673;-0,000723065830491;-0,004936250253623;-0,015772924276423;-0,021028812279825;0,003801628908939;-0,026084094573458
27/11/18;28,06;11,32;45,05;16,54;28,4;25,53;59,45;17,52;28,8;168,77;0,061359924159082;-0,002646671152375;0,023356103231347;0,02386163992688;0,026763417198817;0,051437613869901;0,037882668448541;0,033665396284337;-0,006575555791664;0,064866437272996
28/11/18;28,2;11,53;45,76;16,69;28,77;25,38;61,51;17,48;31,56;170,05;0,004976903269753;0,018381261505931;0,015637363017196;0,009028048078199;0,012944032396296;-0,005892768967151;0,034064140083486;-0,002285715280856;0,091515108835773;0,007555670204812
29/11/18;28,65;11,62;45,24;16,64;28,71;25,17;60,62;17,6;32;171,24;0,015831465216681;0,007775417142798;-0,011428695823623;-0,003000302280681;-0,002087683430484;-0,008308653139017;-0,014574891590621;0,006841531816717;0,013845406822053;0,006973569823541
30/11/18;28,2;11,9;44,63;16,92;28,23;25,46;61,85;17,44;34;164,63;-0,015831465216681;0,023810648693718;-0,013575372606741;0,016686918785015;-0,016860251867575;0,011455783982036;0,02008722720884;-0,009132483563273;0,060624621816435;-0,039365549616815
03/12/18;28,15;12,27;44,1;16,74;28,46;25,94;61,09;16,78;34,4;162,13;-0,001774623358369;0,030618858605336;-0,011946496188378;-0,010695289116749;0,008114350396308;0,018677585759038;-0,012363912176822;-0,038578717441773;0,011696039763191;-0,015302049097953
04/12/18;27,9;12,04;43,66;16,65;28,51;25,34;58,85;16,35;36,8;164,8;-0,008920665758379;-0,018922818842145;-0,010027431331003;-0,005390848634876;0,001755310262874;-0,023402003995305;-0,037356352955389;-0,025959803695798;0,067441280795533;0,016334134913394
05/12/18;28,21;12,14;44,1;16,54;28,68;25,56;59,4;16,6;35,99;164,91;0,011049836186585;0,008271345750678;0,010027431331003;-0,006628526830907;0,005945112806839;0,008644454616341;0,009302392662313;0,015174798019235;-0,022256723083946;0,000667253065307
06/12/18;28,59;11,88;44,37;16,39;28,56;24,59;59,56;16,25;34,32;165,33;0,013380481320315;-0,021649471696854;0,006103782938018;-0,009110296839807;-0,004192878260036;-0,038688773281233;0,002689981447209;-0,021309786586751;-0,047512847471178;0,002543606022575
07/12/18;28,5;11,61;44,03;16,11;28,83;24,77;58,5;16,21;35;164,35;-0,003152919059616;-0,022989518224699;-0,007692345623155;-0,017231195566855;0,009409374178927;0,007293387273167;-0,017957453577997;-0,002464573028162;0,019619786869652;-0,005945176453025
10/12/18;27,51;11,37;42,74;15,89;28,47;23,44;57,53;15,8;34,83;160,53;-0,035354512338122;-0,020888487947356;-0,029735969876661;-0,013750216640259;-0,012565610360364;-0,055189278792456;-0,016720203362609;-0,025618395714664;-0,004868977111504;-0,023517459118906
11/12/18;27,59;11,48;42,99;15,95;29,09;23,29;58,52;16,3;33,31;164,39;0,002903813292711;0,009628083128976;0,005832280617188;0,003768848682229;0,021543571217164;-0,006419880812563;0,017062025276721;0,031155167779796;-0,044621432172321;0,023760812530096
12/12/18;28,15;11,8;42,98;15,95;30,92;23,3;60,27;16,38;34,78;168;0,020093966356505;0,027493140580199;-0,000232639293826;0;0,061008751212111;0,000429276675405;0,02946589134303;0,004895970612206;0,043184856720548;0,02172232588184
13/12/18;27,7;11,71;44,08;16,35;31,1;23,36;61,65;16,3;33,99;167,5;-0,016114941392407;-0,007656353861993;0,025271273630295;0,024769068112409;0,005804595465967;0,002571797388371;0,0226387621154;-0,004895970612206;-0,022976145218112;-0,002980628138138
14/12/18;27,12;11,65;44,1;16,06;30,64;23,05;60,65;16,22;36,35;170,6;-0,021160950121098;-0,005136997597916;0,000453617608141;-0,017896188824647;-0,014901474312798;-0,013359388517368;-0,016353594220294;-0,00492005912545;0,067127840271504;0,018338283792458
17/12/18;26,8;11,89;43,7;16,1;30,16;22,87;59,85;15,91;34,81;170,89;-0,011869575555384;0,020391530690981;-0,009111680351256;0,002487563471802;-0,015789801732635;-0,007839761407968;-0,013278203386077;-0,019297206337571;-0,043289502156181;0,001698439601238
18/12/18;26,65;11,63;43,87;15,99;30,23;22;61;16,27;35,26;175,9;-0,005612736904958;-0,022109744172117;0,003882613076578;-0,006855745144554;0,002318265651612;-0,038783554676374;0,019032432169329;0,022375078881251;0,012844475146376;0,028895577084695
19/12/18;26,16;11,88;43,8;15,4;29,79;22,25;59,5;16,6;34,99;177,01;-0,018557624022856;0,021268347403926;-0,001596897795722;-0,037596017426279;-0,014662042066176;0,011299555253933;-0,024897551621727;0,020079774131551;-0,007686870590127;0,006290576409553
20/12/18;26,1;11,35;44,08;15,21;30,6;21,49;61,05;16,63;34,41;177,94;-0,00229621226035;-0,045638570007087;0,006372347462258;-0,012414403148382;0,026827242233144;-0,03475429795783;0,025716888005129;0,001805597842338;-0,016715086570208;0,005240186663556
21/12/18;26,74;11,38;44,09;15,17;30,52;21,55;61,72;16,41;35,93;182,76;0,024225257345149;0,002639684770773;0,000226834525188;-0,002633312910761;-0,002617802542079;0,002788105895338;0,010914826938247;-0,013317388102837;0,043225381316038;0,02672740187845
26/12/18;26,05;11,44;44,38;15,14;30,73;21,68;61,74;16,21;35,88;176,76;-0,026142803474421;0,005258557253467;0,006555918134601;-0,001979545351138;0,006857169726137;0,006014360021688;0,000323991579053;-0,012262569354415;-0,001392563934832;-0,033380936432532
27/12/18;26,16;11,28;45,12;15,1;30,69;21,67;60,48;16,26;35,94;174;0,004213758389622;-0,014084739881739;0,016536689685356;-0,002645504188424;-0,001302507510748;-0,000461361023178;-0,020619287202735;0,00307976837208;0,001670844164817;-0,01573758104801
28/12/18;26,81;11,44;46,49;15,38;31,5;22,68;61,18;17;37,7;181,07;0,02454342565887;0,014084739881739;0,02991162851269;0,018373220256619;0,026050677199943;0,045554663311283;0,011507606851479;0,044505239936552;0,047809213098552;0,039828397618022
02/01/19;27,79;11,85;48,6;16,15;34,37;24,06;61,1;16,95;38,77;185,99;0,035901291506545;0,035211881629488;0,044386295203955;0,048852085591168;0,087196545030155;0,059067231686982;-0,001308472545207;-0,002945510229757;0,027986657228873;0,026809211994484
03/01/19;29;11,86;48,8;16,33;37,02;24,65;60,71;17,44;38,4;184;0,042619586232062;0,000843525988439;0,004106781952653;0,011083857313708;0,074274216283609;0,024226189942166;-0,006403437035207;0,028498584654375;-0,009589292089157;-0,01075715121805
04/01/19;27,95;12,26;48,8;16,55;37,86;24,72;59,95;17,2;38,2;178,4;-0,036878630385366;0,033170536938486;0;0,013382194840698;0,022436838635825;0,002835732100791;-0,012597547668819;-0,013857034661426;-0,005221943981152;-0,030907537463077
07/01/19;27,8;12,22;48,48;16,48;37;25,11;60,7;16,9;36,68;181,17;-0,005381178904517;-0,003267976764616;-0,006578971098043;-0,004238577341746;-0,022977233136953;0,015653540580004;0,012432816591929;-0,01759576189038;-0,040603868224265;0,01540759684201
08/01/19;27,88;12,15;47,93;16,15;37,14;24,96;58,71;17,12;35,45;179,71;0,002873565195732;-0,005744783956892;-0,011409728589519;-0,02022747481266;0,003776643280335;-0,005991629668267;-0,033333627989358;0,012933748784569;-0,034108394410128;-0,008091376443988
09/01/19;28,01;12,34;47,8;16,38;37,6;25,48;59,07;17,2;36,37;179,11;0,004652003379694;0,015516848690684;-0,00271597367413;0,014141028756258;0,012309494471289;0,020619287202736;0,006113111243049;0,004662013105811;0,025621006020761;-0,003344298306764
10/01/19;28,27;12,34;48,5;16,85;37,83;25,26;60;17,47;36;180,85;0,009239582433482;0;0,014538158446027;0,028289578373447;0,006098388249089;-0,008671713781617;0,015621380902957;0,015575740326558;-0,010225320542788;0,009667816160939
11/01/19;28,87;12,21;48,7;17,29;39,49;24,99;59;17,42;36,18;177,6;0,021001821969345;-0,010590730354629;0,004115232145107;0,025777642896828;0,04294503665362;-0,010746372075484;-0,016807118316381;-0,002866152721608;0,004987541511039;-0,018134127840037
